feature,importance
MFI,0.33545858
RSI,0.16312458
EMA_12_26_Ratio,0.08078368
BB_Width_Pct,0.080036774
MACD_Hist_Norm,0.07673101
ATR,0.070539825
OBV_Norm,0.06756021
ADL_Norm,0.0638161
VROC,0.061949264
