,RSI,MACD,MACD_Hist,Daily_Change_Pct,OBV,MFI,VROC,EMV,ADOSC
RSI,1.0,0.8376933083737907,0.05227705231750991,0.21233634924015743,0.8823218695268237,0.6234952127673271,-0.18910550539467388,0.06804924973512515,0.528289803995247
MACD,0.8376933083737907,1.0,0.03314137041077425,0.04862919937469083,0.8363201988001756,0.6503973751143479,-0.030706726479391294,-0.08927732230151417,0.3816246927850946
MACD_Hist,0.05227705231750991,0.03314137041077425,1.0,0.22345054348393015,-0.23260088235398024,0.4956062847026308,-0.43163314903267036,0.09865817265607141,0.4083388047884161
Daily_Change_Pct,0.21233634924015743,0.04862919937469083,0.22345054348393015,1.0,0.05504992649229881,0.13176104625128682,-0.24509183652366323,0.6910543649218055,0.06037451677272369
OBV,0.8823218695268237,0.8363201988001756,-0.23260088235398024,0.05504992649229881,1.0,0.4250601255799575,-0.02265882488299698,-0.05519975146941065,0.2785366662130346
MFI,0.6234952127673271,0.6503973751143479,0.4956062847026308,0.13176104625128682,0.4250601255799575,1.0,-0.28611238823284046,0.045124423956757385,0.5051428596761348
VROC,-0.18910550539467388,-0.030706726479391294,-0.43163314903267036,-0.24509183652366323,-0.02265882488299698,-0.28611238823284046,1.0,-0.12045486716432928,-0.17553583364502562
EMV,0.06804924973512515,-0.08927732230151417,0.09865817265607141,0.6910543649218055,-0.05519975146941065,0.045124423956757385,-0.12045486716432928,1.0,0.03369738662180694
ADOSC,0.528289803995247,0.3816246927850946,0.4083388047884161,0.06037451677272369,0.2785366662130346,0.5051428596761348,-0.17553583364502562,0.03369738662180694,1.0
