,RSI,MACD,MACD_Hist,Daily_Change_Pct,OBV,MFI,VROC,EMV,ADOSC
RSI,1.0,0.8003543833078979,0.5439495381303048,0.29717598651612614,0.0950518519354719,0.7500230414946805,-0.3765759987869505,0.29732664903106343,0.7338284718908253
MACD,0.8003543833078979,1.0,0.3374231925567999,0.025600327547379207,0.23072355392627045,0.6890409835622928,-0.25538210880713363,0.02964173468537951,0.5095214323348224
MACD_Hist,0.5439495381303048,0.3374231925567999,1.0,0.14758142463846635,-0.009430966911654189,0.6150649308590399,-0.485895860214936,0.17159980913132525,0.6168393241370409
Daily_Change_Pct,0.29717598651612614,0.025600327547379207,0.14758142463846635,1.0,-0.003532439235878196,0.12421788330683389,-0.18508632536417663,0.7569544923410086,0.14799345758256774
OBV,0.0950518519354719,0.23072355392627045,-0.009430966911654189,-0.003532439235878196,1.0,0.1501042515049895,0.03440659198156394,0.017918352742741357,0.08474052158516392
MFI,0.7500230414946805,0.6890409835622928,0.6150649308590399,0.12421788330683389,0.1501042515049895,1.0,-0.3680670212800911,0.1555319426469689,0.6276800890494255
VROC,-0.3765759987869505,-0.25538210880713363,-0.485895860214936,-0.18508632536417663,0.03440659198156394,-0.3680670212800911,1.0,-0.2750260163355513,-0.30837544074903867
EMV,0.29732664903106343,0.02964173468537951,0.17159980913132525,0.7569544923410086,0.017918352742741357,0.1555319426469689,-0.2750260163355513,1.0,0.1818004873833749
ADOSC,0.7338284718908253,0.5095214323348224,0.6168393241370409,0.14799345758256774,0.08474052158516392,0.6276800890494255,-0.30837544074903867,0.1818004873833749,1.0
