,RSI,MACD,MACD_Hist,Daily_Change_Pct,OBV,MFI,VROC,EMV,ADOSC
RSI,1.0,0.8401277070135377,0.04736171009898257,0.016556680298037463,0.8860367479358979,0.657790035663752,-0.2545889167932397,-0.025775088327480242,0.549315810669
MACD,0.8401277070135377,1.0,0.04941688925659486,-0.18188292294348374,0.8455398041106498,0.6850569295798322,-0.19315108289003408,-0.21845261078570932,0.4302622557019704
MACD_Hist,0.04736171009898257,0.04941688925659486,1.0,-0.048621318595859504,-0.22092599142010702,0.49273221701429676,-0.48025634033572806,-0.03872218842767287,0.44140575224333767
Daily_Change_Pct,0.016556680298037463,-0.18188292294348374,-0.048621318595859504,1.0,-0.10789651060971724,-0.08109430779045163,0.2769434502754563,0.7692391885189966,-0.16998054013587682
OBV,0.8860367479358979,0.8455398041106498,-0.22092599142010702,-0.10789651060971724,1.0,0.4768004571809908,-0.13571338865897045,-0.14457581498544197,0.3197278356063429
MFI,0.657790035663752,0.6850569295798322,0.49273221701429676,-0.08109430779045163,0.4768004571809908,1.0,-0.3535552229610093,-0.07403882776698359,0.5452707118499522
VROC,-0.2545889167932397,-0.19315108289003408,-0.48025634033572806,0.2769434502754563,-0.13571338865897045,-0.3535552229610093,1.0,0.1906607801028259,-0.3005306433735678
EMV,-0.025775088327480242,-0.21845261078570932,-0.03872218842767287,0.7692391885189966,-0.14457581498544197,-0.07403882776698359,0.1906607801028259,1.0,-0.11202274980347723
ADOSC,0.549315810669,0.4302622557019704,0.44140575224333767,-0.16998054013587682,0.3197278356063429,0.5452707118499522,-0.3005306433735678,-0.11202274980347723,1.0
