,RSI,MACD,MACD_Hist,Daily_Change_Pct,OBV,MFI,VROC,EMV,ADOSC
RSI,1.0,0.8152157619099906,0.5079783450376432,0.25335375023273354,0.020572452940081254,0.6864860574696731,-0.2437510443172433,0.2405116319038321,0.6828999317314899
MACD,0.8152157619099906,1.0,0.2609148457752295,-0.0022090591835468116,0.23575288708961317,0.6295737514739792,-0.07799378899778962,-0.008391417263817213,0.5038206495533902
MACD_Hist,0.5079783450376432,0.2609148457752295,1.0,0.13254987659153947,-0.02756794626361193,0.6188187160746084,-0.4286924670711854,0.1575921266834394,0.6283394281676827
Daily_Change_Pct,0.25335375023273354,-0.0022090591835468116,0.13254987659153947,1.0,0.012204070330887443,0.08659872438140614,-0.12181978545546554,0.7291072102049487,0.1632927859758339
OBV,0.020572452940081254,0.23575288708961317,-0.02756794626361193,0.012204070330887443,1.0,0.12031179135615634,0.004977753058954394,0.06502432364047797,-0.021358495610287062
MFI,0.6864860574696731,0.6295737514739792,0.6188187160746084,0.08659872438140614,0.12031179135615634,1.0,-0.3101797657864962,0.12238884884015143,0.6091064463614794
VROC,-0.2437510443172433,-0.07799378899778962,-0.4286924670711854,-0.12181978545546554,0.004977753058954394,-0.3101797657864962,1.0,-0.15818637303250632,-0.28368442284464856
EMV,0.2405116319038321,-0.008391417263817213,0.1575921266834394,0.7291072102049487,0.06502432364047797,0.12238884884015143,-0.15818637303250632,1.0,0.2025768975542687
ADOSC,0.6828999317314899,0.5038206495533902,0.6283394281676827,0.1632927859758339,-0.021358495610287062,0.6091064463614794,-0.28368442284464856,0.2025768975542687,1.0
