,RSI,MACD,MACD_Hist,Daily_Change_Pct,OBV,MFI,VROC,EMV,ADOSC
RSI,1.0,0.6706350604064668,0.07988447043077032,0.06706350604064669,0.8367088161741397,0.5318234651826284,-0.11110915430946426,-0.029534007255820508,0.5748652742066148
MACD,0.6706350604064668,1.0,0.1391285970906273,-0.15436229791130993,0.4996301644887464,0.5487830650558275,0.062361311683279914,-0.2324504244302772,0.6317671092951992
MACD_Hist,0.07988447043077032,0.1391285970906273,1.0,0.09173681800570603,-0.25203409531189463,0.451762882603642,-0.4111338100102145,0.03006234370046846,0.49496319256102284
Daily_Change_Pct,0.06706350604064669,-0.15436229791130993,0.09173681800570603,1.0,-0.048606952907611564,-0.017364657814096015,-0.06438660138776373,0.7470677327322038,-0.006128702757916241
OBV,0.8367088161741397,0.4996301644887464,-0.25203409531189463,-0.048606952907611564,1.0,0.27677785213624034,-0.043341199675953644,-0.09601634320735444,0.3252615265401007
MFI,0.5318234651826284,0.5487830650558275,0.451762882603642,-0.017364657814096015,0.27677785213624034,1.0,-0.22864640202881195,-0.025906097002571238,0.5236870839350498
VROC,-0.11110915430946426,0.062361311683279914,-0.4111338100102145,-0.06438660138776373,-0.043341199675953644,-0.22864640202881195,1.0,-0.08018386108273749,-0.19560776302349336
EMV,-0.029534007255820508,-0.2324504244302772,0.03006234370046846,0.7470677327322038,-0.09601634320735444,-0.025906097002571238,-0.08018386108273749,1.0,-0.02763199605508788
ADOSC,0.5748652742066148,0.6317671092951992,0.49496319256102284,-0.006128702757916241,0.3252615265401007,0.5236870839350498,-0.19560776302349336,-0.02763199605508788,1.0
