,RSI,MACD,MACD_Hist,Daily_Change_Pct,OBV,MFI,VROC,EMV,ADOSC
RSI,1.0,0.6576555950829488,0.11279983093233771,0.09483639181430735,0.8285196012820965,0.5056708111725546,-0.07969074706773273,-0.0032052410975309076,0.5638758761579373
MACD,0.6576555950829488,1.0,0.15529569229685464,-0.11898136733471874,0.4685463703286253,0.5394491212003804,0.09617484414074882,-0.20138424148497763,0.6150012327850375
MACD_Hist,0.11279983093233771,0.15529569229685464,1.0,0.14113627558028952,-0.22515938149413547,0.4637737311119721,-0.3913740269803811,0.07143108731640309,0.49721742805818747
Daily_Change_Pct,0.09483639181430735,-0.11898136733471874,0.14113627558028952,1.0,-0.030661125004402805,0.031541685745482724,-0.1108273748723187,0.7356204430981649,0.03159451938994752
OBV,0.8285196012820965,0.4685463703286253,-0.22515938149413547,-0.030661125004402805,1.0,0.23000246557007503,-0.002289457926807791,-0.0722940368426614,0.30072910429361416
MFI,0.5056708111725546,0.5394491212003804,0.4637737311119721,0.031541685745482724,0.23000246557007503,1.0,-0.21536754605332675,0.015268923250325807,0.5006868373780423
VROC,-0.07969074706773273,0.09617484414074882,-0.3913740269803811,-0.1108273748723187,-0.002289457926807791,-0.21536754605332675,1.0,-0.12292627945475679,-0.16396040998908104
EMV,-0.0032052410975309076,-0.20138424148497763,0.07143108731640309,0.7356204430981649,-0.0722940368426614,0.015268923250325807,-0.12292627945475679,1.0,0.0066922616322073894
ADOSC,0.5638758761579373,0.6150012327850375,0.49721742805818747,0.03159451938994752,0.30072910429361416,0.5006868373780423,-0.16396040998908104,0.0066922616322073894,1.0
